name,gender,country
louis,male,france
jean,male,france
pierre,male,france
nicolas,male,france
michel,male,france
alain,male,france
philippe,male,france
jacques,male,france
andre,male,france
roger,male,france
xavier,male,france
daniel,male,france
denis,male,france
gabriel,male,france
raphael,male,france
gilles,male,france
vincent,male,france
arnaud,male,france
clement,male,france
guillaume,male,france
sophie,female,france
emilie,female,france
nathalie,female,france
amelie,female,france
caroline,female,france
chloe,female,france
julie,female,france
laure,female,france
marie,female,france
claire,female,france
catherine,female,france
isabelle,female,france
agnes,female,france
veronique,female,france
valerie,female,france
elise,female,france
anne,female,france
lea,female,france
sandrine,female,france
beatrice,female,france
jose,male,spain
juan,male,spain
carlos,male,spain
luis,male,spain
pedro,male,spain
pablo,male,spain
david,male,spain
jorge,male,spain
francisco,male,spain
diego,male,spain
alberto,male,spain
sergio,male,spain
enrique,male,spain
joseluis,male,spain
raul,male,spain
fernando,male,spain
joseantonio,male,spain
adrian,male,spain
javier,male,spain
manuel,male,spain
maria,female,spain
ana,female,spain
carlos,female,spain
isabel,female,spain
lucia,female,spain
cristina,female,spain
dolores,female,spain
marina,female,spain
elena,female,spain
rosa,female,spain
paula,female,spain
montserrat,female,spain
esther,female,spain
concepcion,female,spain
rosario,female,spain
susana,female,spain
josefa,female,spain
emilia,female,spain
sara,female,spain
beatriz,female,spain
michael,male,us
james,male,us
robert,male,us
john,male,us
david,male,us
william,male,us
richard,male,us
joseph,male,us
thomas,male,us
christopher,male,us
daniel,male,us
paul,male,us
emily,female,us
ashley,female,us
sarah,female,us
michaela,female,us
jane,female,us
amanda,female,us
brittany,female,us
melissa,female,us
nicole,female,us
megan,female,us
emma,female,us
lauren,female,us
wang,male,china
li,male,china
zhang,male,china
chen,male,china
zhou,male,china
xu,male,china
yu,male,china
zhong,male,china
he,male,china
gao,male,china
guo,male,china
ma,male,china
zhang,male,china
sun,male,china
liang,male,china
feng,male,china
deng,male,china
liu,male,china
chen,male,china
wang,female,china
li,female,china
zhang,female,china
chen,female,china
zhou,female,china
xu,female,china
yu,female,china
zhong,female,china
he,female,china
gao,female,china
guo,female,china
ma,female,china
zhang,female,china
sun,female,china
liang,female,china
feng,female,china
deng,female,china
liu,female,china
chen,female,china
giuseppe,male,italy
filippo,male,italy
mario,male,italy
luigi,male,italy
francesco,male,italy
giacomo,male,italy
vittorio,male,italy
davide,male,italy
carmine,male,italy
antonio,male,italy
giorgio,male,italy
alessio,male,italy
massimo,male,italy
roberto,male,italy
giovanni,male,italy
renato,male,italy
stefano,male,italy
mirko,male,italy
luca,male,italy
giuseppa,female,italy
filomena,female,italy
maria,female,italy
giovanna,female,italy
franca,female,italy
giacoma,female,italy
vittoria,female,italy
davida,female,italy
carmela,female,italy
antonia,female,italy
giorgia,female,italy
alessia,female,italy
massima,female,italy
roberta,female,italy
giovannina,female,italy
renata,female,italy
stefania,female,italy
mirka,female,italy
lucia,female,italy
ahmet,male,turkey
mehmet,male,turkey
ali,male,turkey
yasar,male,turkey
huseyin,male,turkey
hasan,male,turkey
islam,male,turkey
osman,male,turkey
nuri,male,turkey
ahmad,male,turkey
yildirim,male,turkey
emre,male,turkey
suat,male,turkey
tuncay,male,turkey
yasin,male,turkey
burak,male,turkey
ugur,male,turkey
serhat,male,turkey
fatma,female,turkey
ayse,female,turkey
huriye,female,turkey
nuray,female,turkey
sumeyye,female,turkey
hacer,female,turkey
esra,female,turkey
sirin,female,turkey
dilek,female,turkey
nurten,female,turkey
sebnem,female,turkey
senay,female,turkey
gulay,female,turkey
zehra,female,turkey
elif,female,turkey
ozge,female,turkey
nurcan,female,turkey
james,male,uk
john,male,uk
robert,male,uk
michael,male,uk
william,male,uk
david,male,uk
richard,male,uk
charles,male,uk
joseph,male,uk
thomas,male,uk
christopher,male,uk
daniel,male,uk
paul,male,uk
mark,male,uk
george,male,uk
steven,male,uk
kevin,male,uk
brian,male,uk
andrew,male,uk
emily,female,uk
sophie,female,uk
olivia,female,uk
emma,female,uk
isabella,female,uk
lily,female,uk
chloe,female,uk
lauren,female,uk
amanda,female,uk
samantha,female,uk
hannah,female,uk
lucy,female,uk
rachel,female,uk
megan,female,uk
jessica,female,uk
kate,female,uk
kayley,female,uk
michael,male,germany
thomas,male,germany
andreas,male,germany
martin,male,germany
jan,male,germany
david,male,germany
christoph,male,germany
stefan,male,germany
christian,male,germany
peter,male,germany
johannes,male,germany
jakob,male,germany
tim,male,germany
matthias,male,germany
mario,male,germany
j√∂rg,male,germany
dirk,male,germany
hans,male,germany
julia,female,germany
sarah,female,germany
diana,female,germany
katrin,female,germany
monika,female,germany
susanne,female,germany
barbara,female,germany
istvan,female,germany
anja,female,germany
katharina,female,germany
jennifer,female,germany
maria,female,germany
tanja,female,germany
dagmar,female,germany
ursula,female,germany
petra,female,germany
wirat,male,thailand
pattarapong,male,thailand
suphot,male,thailand
phattharaphon,male,thailand
siriporn,male,thailand
prapatsorn,male,thailand
sirawit,male,thailand
sirichai,male,thailand
siripong,male,thailand
siripat,male,thailand
siripan,male,thailand
sirisak,male,thailand
sirirat,male,thailand
sirichai,male,thailand
sirichai,male,thailand
sirichai,male,thailand
siripong,male,thailand
siripong,male,thailand
sirirat,female,thailand
sirirat,female,thailand
sirirat,female,thailand
sirirat,female,thailand
sirirat,female,thailand
sirirat,female,thailand
sirirat,female,thailand
sirirat,female,thailand
sirirat,female,thailand
sirirat,female,thailand
sirirat,female,thailand
sirirat,female,thailand
sirirat,female,thailand
sirirat,female,thailand
sirirat,female,thailand
sirirat,female,thailand
sirirat,female,thailand
sirirat,female,thailand
sirirat,female,thailand
alexander,male,russia
sergey,male,russia
mikhail,male,russia
dmitry,male,russia
andrey,male,russia
vladimir,male,russia
evgeny,male,russia
nikolay,male,russia
oleg,male,russia
pavel,male,russia
artem,male,russia
yuriy,male,russia
viktor,male,russia
roman,male,russia
denis,male,russia
ivan,male,russia
aleksandr,male,russia
valeriy,male,russia
olga,female,russia
elena,female,russia
maria,female,russia
anna,female,russia
svetlana,female,russia
irina,female,russia
natalya,female,russia
tatyana,female,russia
elena,female,russia
ludmila,female,russia
vera,female,russia
yelena,female,russia
galina,female,russia
lyudmila,female,russia
nadezhda,female,russia
yulia,female,russia
george,male,greece
michael,male,greece
john,male,greece
peter,male,greece
dimitrios,male,greece
konstantinos,male,greece
nikolaos,male,greece
panagiotis,male,greece
stamatis,male,greece
spyridon,male,greece
yktor,male,greece
emmanouil,male,greece
costas,male,greece
vasilis,male,greece
ioannis,male,greece
alexandros,male,greece
konstandinos,male,greece
maria,female,greece
eleni,female,greece
katerina,female,greece
despina,female,greece
ioanna,female,greece
sofia,female,greece
vasiliki,female,greece
eleni,female,greece
agatha,female,greece
stavroula,female,greece
evdokia,female,greece
efstratia,female,greece
despina,female,greece
panayiota,female,greece
konstantina,female,greece
ram,male,nepal
shiva,male,nepal
shankar,male,nepal
krishna,male,nepal
bishnu,male,nepal
dipak,male,nepal
suresh,male,nepal
mahesh,male,nepal
manish,male,nepal
sabin,male,nepal
binod,male,nepal
santosh,male,nepal
roshan,male,nepal
ramesh,male,nepal
gokul,male,nepal
dilip,male,nepal
milan,male,nepal
sita,female,nepal
radha,female,nepal
kamala,female,nepal
ganga,female,nepal
saraswati,female,nepal
sarita,female,nepal
sabita,female,nepal
shanti,female,nepal
nirmala,female,nepal
sarina,female,nepal
sunita,female,nepal
sudha,female,nepal
smita,female,nepal
rupali,female,nepal
sabina,female,nepal
sarika,female,nepal
jack,male,australia
william,male,australia
lachlan,male,australia
oliver,male,australia
noah,male,australia
thomas,male,australia
joshua,male,australia
cooper,male,australia
lincoln,male,australia
ryan,male,australia
james,male,australia
benjamin,male,australia
samuel,male,australia
alexander,male,australia
ethan,male,australia
david,male,australia
joseph,male,australia
chloe,female,australia
emma,female,australia
olivia,female,australia
isabella,female,australia
sophie,female,australia
mia,female,australia
abigail,female,australia
ashley,female,australia
madison,female,australia
hannah,female,australia
ella,female,australia
lily,female,australia
rachael,female,australia
youssef,male,africa
abdoulaye,male,africa
ibrahim,male,africa
akintunde,male,africa
amadou,male,africa
kofi,male,africa
ngozi,male,africa
boubacar,male,africa
sekou,male,africa
cheick,male,africa
foday,male,africa
hassan,male,africa
ismail,male,africa
kamau,male,africa
kwame,male,africa
fatou,female,africa
nafissatou,female,africa
nana,female,africa
nkiruka,female,africa
ndidi,female,africa
rhoda,female,africa
souad,female,africa
tatiana,female,africa
yasmin,female,africa
yvette,female,africa
zainab,female,africa
zawadi,female,africa
zeinab,female,africa
zohra,female,africa